96,-81,-333
97,-82,-337
97,-82,-337
97,-82,-338
98,-80,-333
96,-81,-333
96,-81,-333
96,-81,-333
101,-82,-335
97,-78,-337
98,-81,-335
98,-81,-335
97,-83,-333
95,-82,-333
98,-80,-335
98,-80,-335
100,-81,-334
100,-79,-336
98,-80,-336
100,-81,-333
100,-81,-333
97,-81,-329
98,-82,-331
98,-77,-337
98,-77,-337
99,-79,-337
98,-80,-334
97,-81,-332
100,-80,-333
100,-80,-333
98,-80,-336
99,-78,-338
98,-80,-335
98,-80,-335
98,-84,-334
98,-82,-332
95,-77,-334
95,-77,-334
99,-79,-335
99,-77,-337
100,-81,-333
98,-83,-333
98,-83,-333
99,-79,-332
99,-80,-336
100,-79,-336
100,-79,-336
96,-79,-335
96,-82,-331
97,-81,-332
95,-79,-334
95,-79,-334
101,-80,-333
98,-78,-337
99,-79,-336
99,-79,-336
94,-80,-330
98,-83,-333
96,-77,-335
98,-77,-336
98,-77,-336
94,-75,-334
94,-75,-330
94,-78,-325
94,-78,-325
92,-78,-331
94,-72,-334
94,-73,-336
93,-73,-332
93,-73,-332
93,-75,-332
94,-74,-330
94,-74,-332
94,-74,-332
95,-72,-332
97,-73,-330
92,-73,-328
92,-73,-328
93,-75,-326
92,-76,-331
90,-70,-330
91,-72,-333
91,-72,-333
88,-72,-330
89,-72,-325
90,-71,-327
90,-71,-327
89,-72,-330
92,-73,-334
89,-71,-328
90,-71,-328
90,-71,-328
88,-74,-326
92,-72,-327
89,-69,-332
89,-69,-332
91,-72,-332
89,-73,-330
89,-72,-327
85,-71,-326
85,-71,-326
89,-72,-328
91,-72,-332
91,-72,-330
91,-72,-330
89,-72,-329
89,-73,-328
90,-72,-329
90,-72,-329
90,-67,-330
90,-71,-333
87,-72,-329
88,-75,-326
88,-75,-326
90,-73,-329
93,-72,-330
93,-73,-331
93,-73,-331
91,-68,-331
88,-72,-328
88,-72,-327
93,-72,-328
93,-72,-328
87,-71,-329
89,-70,-331
92,-72,-331
92,-72,-331
89,-70,-328
92,-75,-325
91,-74,-327
86,-89,-335
86,-89,-335
93,-78,-333
82,-66,-341
60,-64,-352
60,-64,-352
54,-60,-362
54,-58,-370
58,-62,-378
68,-47,-381
68,-47,-381
69,-35,-379
77,-27,-376
94,-27,-374
94,-27,-374
87,-40,-381
98,-34,-382
94,-40,-376
94,-40,-376
94,-38,-375
94,-40,-374
96,-38,-374
95,-39,-378
95,-39,-378
97,-37,-375
93,-41,-374
94,-44,-375
94,-44,-375
94,-38,-378
91,-40,-375
92,-39,-380
90,-42,-379
90,-42,-379
88,-39,-377
84,-26,-374
86,-34,-383
86,-34,-383
87,-13,-381
86,-22,-377
79,-9,-379
78,-6,-376
78,-6,-376
75,5,-377
74,8,-382
72,16,-383
72,16,-383
69,21,-379
64,20,-379
66,20,-378
65,21,-382
65,21,-382
61,23,-386
61,17,-382
62,20,-379
62,20,-379
63,19,-379
65,23,-379
58,31,-383
58,31,-383
58,34,-385
54,37,-383
51,39,-380
50,39,-378
50,39,-378
49,42,-383
47,42,-385
43,52,-385
43,52,-385
42,51,-381
41,48,-377
35,51,-382
34,55,-383
34,55,-383
34,55,-387
30,59,-383
27,62,-382
27,62,-382
25,61,-379
26,66,-384
21,71,-384
15,74,-383
15,74,-383
17,76,-383
12,75,-377
9,80,-383
9,80,-383
7,80,-384
4,84,-388
4,85,-387
0,88,-383
0,88,-383
1,86,-380
-3,91,-386
-11,92,-387
-11,92,-387
-9,97,-387
-16,97,-383
-17,94,-383
-17,94,-383
-19,98,-384
-24,103,-388
-31,108,-387
-29,105,-387
-29,105,-387
-32,108,-387
-33,106,-382
-36,105,-388
-36,105,-388
-39,108,-388
-46,112,-391
-46,109,-388
-51,110,-386
-51,110,-386
-55,114,-390
-61,119,-389
-71,123,-388
-71,123,-388
-80,128,-387
-91,129,-382
-98,127,-380
-100,128,-384
-100,128,-384
-101,128,-386
-98,123,-388
-94,127,-385
-94,127,-385
-94,123,-382
-93,119,-385
-94,124,-386
-94,123,-388
-92,123,-388
-94,124,-386
-93,120,-385
-92,123,-383
-92,123,-383
-92,123,-384
-94,114,-390
-90,111,-394
-90,111,-394
-92,106,-390
-94,110,-386
-95,113,-386
-97,140,-380
-97,140,-380
-99,127,-390
-98,125,-387
-100,122,-385
-100,122,-385
-97,123,-381
-99,124,-386
-100,119,-387
-100,129,-386
-100,129,-386
-98,123,-384
-98,114,-386
-100,103,-386
-100,103,-386
-109,109,-391
-118,112,-394
-127,114,-390
-137,120,-386
-137,120,-386
-148,127,-379
-160,131,-382
-168,132,-383
-168,132,-383
-175,129,-383
-180,129,-379
-185,132,-377
-185,132,-377
-193,140,-373
-203,132,-379
-216,131,-378
-226,118,-377
-226,118,-377
-228,110,-375
-238,101,-373
-245,98,-373
-245,98,-373
-244,97,-376
-248,94,-376
-252,89,-375
-258,84,-373
-258,84,-373
-265,74,-369
-269,70,-372
-270,64,-375
-270,64,-375
-269,66,-375
-269,63,-369
-274,63,-368
-278,60,-367
-278,60,-367
-286,54,-371
-294,53,-370
-302,39,-367
-302,39,-367
-304,38,-365
-308,36,-361
-307,36,-366
-311,33,-366
-311,33,-366
-318,28,-365
-314,34,-364
-316,32,-358
-316,32,-358
-311,47,-359
-310,46,-362
-311,48,-362
-311,48,-362
-313,50,-363
-311,51,-357
-308,56,-355
-305,54,-360
-305,54,-360
-294,53,-362
-285,55,-368
-270,61,-364
-270,61,-364
-256,67,-363
-249,56,-364
-243,53,-365
-244,54,-369
-244,54,-369
-244,65,-371
-241,65,-362
-232,61,-365
-232,61,-365
-224,59,-365
-220,57,-366
-214,57,-372
-213,54,-371
-213,54,-371
-213,52,-366
-214,47,-363
-209,45,-367
-209,45,-367
-210,49,-371
-207,57,-369
-202,50,-370
-200,50,-369
-200,50,-369
-194,50,-368
-193,46,-371
-198,52,-373
-198,52,-373
-206,52,-372
-217,57,-369
-230,52,-371
-230,52,-371
-248,54,-369
-263,54,-370
-277,54,-369
-282,56,-367
-282,56,-367
-288,52,-364
-294,51,-364
-298,52,-367
-298,52,-367
-304,53,-369
-307,55,-365
-307,52,-363
-308,61,-359
-308,61,-359
-319,73,-356
-320,62,-362
-329,49,-362
-329,49,-362
-336,28,-361
-347,16,-359
-352,0,-360
-371,-5,-355
-371,-5,-355
-376,-11,-357
-382,-23,-355
-383,-29,-353
-383,-29,-353
-388,-41,-353
-400,-63,-352
-403,-81,-356
-403,-81,-356
-399,-92,-358
-395,-112,-356
-391,-131,-358
-391,-138,-354
-391,-138,-354
-397,-153,-358
-392,-174,-359
-384,-190,-363
-384,-190,-363
-381,-195,-362
-383,-189,-360
-384,-191,-360
-395,-190,-359
-395,-190,-359
-396,-202,-361
-391,-198,-360
-391,-208,-355
-391,-208,-355
-390,-205,-357
-390,-204,-360
-392,-207,-360
-400,-210,-361
-400,-210,-361
-394,-209,-357
-393,-207,-354
-394,-211,-355
-394,-211,-355
-396,-204,-361
-394,-210,-361
-398,-206,-361
-396,-205,-354
-396,-205,-354
-387,-203,-355
-391,-214,-359
-390,-200,-361
-390,-200,-361
-402,-184,-361
-414,-162,-356
-404,-139,-354
-404,-139,-354
-398,-141,-362
-402,-139,-364
-400,-140,-365
-404,-145,-361
-404,-145,-361
-415,-157,-355
-404,-171,-356
-397,-197,-356
-397,-197,-356
-392,-216,-362
-388,-235,-359
-394,-247,-353
-392,-253,-348
-392,-253,-348
-383,-265,-353
-372,-283,-352
-361,-303,-356
-361,-303,-356
-348,-318,-350
-341,-315,-353
-332,-311,-358
-323,-334,-356
-323,-334,-356
-311,-354,-354
-297,-359,-357
-288,-358,-357
-288,-358,-357
-279,-366,-356
-270,-370,-358
-259,-382,-357
-253,-388,-361
-253,-388,-361
-248,-389,-360
-243,-385,-358
-233,-384,-360
-233,-384,-360
-224,-393,-361
-212,-403,-364
-202,-404,-361
-202,-404,-361
-200,-400,-362
-193,-402,-361
-179,-405,-362
-166,-410,-361
-166,-410,-361
-156,-409,-364
-148,-408,-365
-140,-408,-362
-140,-408,-362
-138,-408,-362
-141,-402,-370
-145,-398,-372
-148,-385,-377
-148,-385,-377
-157,-368,-380
-163,-358,-378
-162,-351,-380
-162,-351,-380
-160,-338,-390
-160,-335,-394
-161,-339,-392
-160,-347,-385
-160,-347,-385
-160,-374,-373
-146,-396,-372
-148,-413,-368
-148,-413,-368
-145,-436,-358
-144,-444,-351
-148,-452,-348
-148,-456,-341
-148,-456,-341
-149,-464,-342
-148,-455,-352
-146,-443,-356
-146,-443,-356
-148,-432,-358
-149,-415,-361
-148,-410,-367
-148,-410,-367
-145,-397,-374
-148,-379,-382
-153,-360,-383
-157,-346,-388
-157,-346,-388
-158,-346,-384
-160,-358,-387
-157,-378,-382
-157,-378,-382
-156,-390,-378
-155,-402,-369
-153,-400,-369
-152,-416,-362
-152,-416,-362
-148,-441,-354
-149,-444,-357
-150,-444,-351
-150,-444,-351
-150,-444,-349
-140,-445,-348
-130,-448,-353
-125,-446,-357
-125,-446,-357
-116,-445,-356
-109,-440,-354
-102,-440,-355
-102,-440,-355
-94,-442,-356
-81,-440,-358
-66,-437,-361
-57,-439,-358
-57,-439,-358
-52,-437,-357
-47,-431,-357
-37,-428,-362
-37,-428,-362
-31,-427,-366
-22,-423,-367
-20,-419,-365
-20,-419,-365
-12,-413,-367
-3,-400,-366
10,-393,-373
17,-389,-377
17,-389,-377
14,-390,-377
10,-391,-371
12,-385,-372
12,-385,-372
10,-383,-373
17,-387,-378
22,-379,-380
25,-375,-380
25,-375,-380
33,-364,-380
35,-359,-378
43,-353,-383
43,-353,-383
55,-345,-387
71,-331,-386
80,-314,-385
87,-298,-385
87,-298,-385
91,-287,-387
99,-281,-389
104,-276,-392
104,-276,-392
102,-275,-394
106,-273,-391
105,-268,-392
105,-268,-392
110,-265,-392
111,-248,-397
116,-238,-399
115,-224,-397
115,-224,-397
114,-209,-399
118,-195,-401
118,-178,-405
118,-178,-405
117,-169,-406
117,-155,-406
114,-152,-407
117,-142,-405
117,-142,-405
113,-131,-407
108,-113,-412
105,-89,-413
105,-89,-413
101,-77,-411
92,-63,-412
84,-45,-409
76,-33,-412
76,-33,-412
65,-25,-415
65,-20,-412
63,-15,-413
63,-15,-413
56,-10,-409
45,-1,-409
39,10,-412
29,17,-413
29,17,-413
32,20,-411
29,25,-407
32,26,-408
32,26,-408
30,14,-410
33,16,-412
37,10,-415
37,10,-415
40,0,-412
39,0,-410
40,-6,-411
39,6,-412
39,6,-412
34,10,-414
31,11,-413
27,16,-409
27,16,-409
21,20,-408
14,25,-408
11,32,-413
12,32,-414
12,32,-414
14,25,-409
22,20,-408
25,17,-405
25,17,-405
31,20,-410
37,11,-413
45,10,-411
56,-5,-404
56,-5,-404
64,-15,-403
70,-23,-405
80,-24,-408
80,-24,-408
83,-37,-410
88,-46,-406
91,-55,-405
97,-57,-402
97,-57,-402
98,-65,-403
104,-80,-405
109,-88,-402
109,-88,-402
115,-107,-401
115,-120,-398
113,-130,-396
113,-130,-396
117,-147,-398
117,-169,-401
114,-186,-396
109,-205,-392
109,-205,-392
109,-222,-388
107,-239,-389
103,-245,-390
103,-245,-390
98,-240,-397
95,-239,-395
94,-235,-392
98,-234,-391
98,-234,-391
99,-231,-393
102,-234,-394
101,-232,-394
101,-232,-394
100,-202,-396
100,-175,-400
99,-153,-400
99,-143,-406
99,-143,-406
99,-136,-407
95,-145,-406
100,-169,-401
100,-169,-401
99,-200,-399
104,-217,-400
108,-242,-395
108,-242,-395
106,-248,-395
99,-272,-388
97,-259,-390
97,-249,-393
97,-249,-393
102,-253,-391
94,-253,-395
89,-255,-393
89,-255,-393
84,-270,-387
73,-291,-383
62,-310,-378
54,-328,-381
54,-328,-381
34,-345,-373
18,-365,-369
-3,-369,-365
-3,-369,-365
-16,-375,-363
-30,-382,-365
-48,-393,-362
-72,-403,-356
-72,-403,-356
-96,-404,-351
-106,-402,-349
-109,-402,-351
-109,-402,-351
-109,-407,-352
-104,-402,-356
-107,-405,-351
-107,-402,-350
-107,-402,-350
-109,-401,-349
-105,-402,-351
-107,-401,-354
-107,-401,-354
-104,-403,-354
-108,-401,-351
-109,-398,-349
-109,-398,-349
-106,-399,-351
-105,-403,-355
-106,-402,-354
-106,-395,-357
-106,-395,-357
-110,-388,-355
-116,-387,-354
-120,-374,-364
-120,-374,-364
-131,-382,-361
-130,-387,-361
-136,-385,-358
-149,-394,-351
-149,-394,-351
-160,-392,-348
-161,-392,-352
-164,-385,-357
-164,-385,-357
-165,-387,-356
-162,-386,-351
-160,-397,-349
-161,-403,-349
-161,-403,-349
-162,-401,-350
-158,-401,-352
-157,-400,-346
-157,-400,-346
-161,-392,-350
-164,-391,-348
-166,-385,-355
-194,-393,-353
-194,-393,-353
-206,-380,-354
-219,-378,-348
-235,-370,-349
-235,-370,-349
-253,-362,-353
-272,-354,-353
-292,-348,-358
-292,-348,-358
-303,-341,-356
-317,-338,-348
-333,-318,-344
-369,-311,-339
-369,-311,-339
-380,-303,-341
-382,-294,-342
-385,-283,-340
-385,-283,-340
-385,-270,-341
-390,-257,-339
-395,-242,-339
-422,-228,-336
-422,-228,-336
-444,-219,-327
-456,-195,-325
-459,-168,-325
-459,-168,-325
-443,-151,-332
-433,-131,-338
-426,-109,-347
-417,-81,-345
-417,-81,-345
-408,-52,-343
-408,-43,-341
-404,-23,-349
-404,-23,-349
-388,4,-350
-372,22,-351
-357,23,-352
-357,13,-350
-360,13,-350
-374,0,-350
-376,-7,-354
-374,-8,-357
-374,-8,-357
-373,-9,-356
-356,-4,-357
-366,10,-350
-366,10,-350
-360,39,-350
-327,52,-355
-300,64,-360
-307,73,-354
-307,73,-354
-310,84,-347
-309,96,-343
-307,99,-347
-307,99,-347
-279,95,-358
-263,102,-357
-263,100,-355
-273,102,-352
-273,102,-352
-275,91,-357
-272,94,-360
-274,92,-361
-274,92,-361
-272,93,-359
-271,89,-357
-268,90,-357
-272,92,-357
-272,92,-357
-275,94,-360
-271,92,-360
-270,93,-356
-270,93,-356
-273,91,-355
-272,88,-357
-275,94,-358
-275,94,-358
-275,99,-360
-275,89,-357
-273,91,-355
-272,89,-357
-272,89,-357
-274,88,-357
-266,82,-360
-264,97,-362
-264,97,-362
-263,94,-357
-263,94,-355
-252,107,-353
-236,104,-354
-236,104,-354
-221,100,-359
-200,115,-357
-170,110,-361
-170,110,-361
-143,103,-363
-111,95,-368
-82,84,-375
-64,87,-374
-64,87,-374
-50,94,-367
-47,90,-366
-31,82,-368
-31,82,-368
-21,84,-367
-18,89,-372
-32,94,-372
-23,86,-366
-23,86,-366
-9,84,-364
1,84,-367
11,77,-369
11,77,-369
23,66,-376
30,59,-371
44,50,-374
44,50,-374
56,28,-368
65,17,-375
78,6,-376
83,-6,-381
83,-6,-381
88,-14,-374
92,-9,-373
89,-5,-376
89,-5,-376
88,-1,-377
86,10,-372
88,24,-370
87,38,-368
87,38,-368
86,50,-361
88,56,-364
88,55,-366
88,55,-366
95,60,-362
91,24,-369
93,12,-373
97,-11,-376
97,-11,-376
110,-41,-376
118,-64,-381
121,-94,-382
121,-94,-382
119,-122,-377
116,-155,-377
109,-184,-376
103,-217,-375
103,-217,-375
92,-233,-377
82,-243,-375
83,-240,-375
83,-240,-375
83,-241,-371
91,-235,-377
99,-227,-379
99,-227,-379
107,-211,-378
113,-193,-381
112,-173,-382
118,-151,-387
118,-151,-387
119,-132,-391
118,-121,-394
110,-138,-388
110,-138,-388
110,-139,-387
112,-134,-388
117,-135,-391
116,-141,-391
116,-141,-391
113,-140,-388
114,-147,-384
116,-173,-376
116,-173,-376
113,-198,-374
103,-219,-377
82,-243,-378
59,-276,-375
59,-276,-375
32,-307,-374
6,-333,-370
-14,-359,-362
-14,-359,-362
-27,-368,-366
-44,-367,-362
-59,-382,-354
-59,-382,-354
-59,-382,-354
-70,-389,-347
-66,-389,-350
-59,-391,-348
-59,-391,-348
-51,-395,-347
-35,-397,-344
-20,-391,-341
-20,-391,-341
9,-377,-348
33,-371,-347
63,-344,-354
85,-318,-355
85,-318,-355
104,-296,-355
122,-265,-360
127,-237,-368
127,-237,-368
127,-201,-376
133,-157,-381
128,-117,-378
123,-82,-380
123,-82,-380
109,-54,-389
102,-47,-395
96,-51,-395
96,-51,-395
95,-57,-395
96,-53,-392
96,-46,-393
96,-43,-397
96,-43,-397
96,-42,-397
96,-41,-395
93,-45,-390
93,-45,-390
97,-45,-393
97,-43,-396
96,-42,-395
96,-42,-395
96,-42,-395
96,-40,-393
92,-38,-391
95,-33,-394
95,-33,-394
91,-40,-395
92,-37,-397
94,-32,-390
94,-32,-390
90,-34,-390
88,-22,-390
86,-10,-396
74,10,-399
74,10,-399
61,24,-402
47,38,-400
33,56,-400
33,56,-400
19,66,-405
5,81,-405
-11,92,-407
-33,107,-404
-33,107,-404
-49,116,-403
-68,126,-401
-88,135,-403
-88,135,-403
-111,142,-401
-134,145,-399
-152,136,-394
-172,134,-392
-172,134,-392
-194,134,-390
-213,132,-388
-214,123,-392
-214,123,-392
-217,126,-387
-229,129,-378
-247,111,-377
-247,111,-377
-247,111,-377
-287,108,-372
-286,103,-372
-288,66,-378
-288,66,-378
-291,36,-380
-298,13,-381
-297,12,-382
-297,12,-382
-314,52,-374
-317,65,-361
-327,59,-362
-330,71,-350
-330,71,-350
-338,94,-345
-342,121,-332
-341,148,-320
-341,148,-320
-344,167,-307
-343,171,-300
-339,176,-298
-339,200,-286
-339,200,-286
-343,191,-291
-353,160,-304
-373,131,-308
-373,131,-308
-392,101,-312
-402,62,-327
-391,3,-346
-369,-63,-369
-369,-63,-369
-356,-110,-372
-356,-162,-372
-360,-211,-370
-360,-211,-370
-350,-255,-373
-335,-270,-379
-313,-291,-381
-313,-291,-381
-305,-307,-376
-316,-310,-375
-310,-308,-377
-308,-320,-377
-308,-320,-377
-307,-323,-377
-307,-319,-375
-308,-317,-372
-308,-317,-372
-308,-319,-372
-305,-319,-377
-309,-322,-379
-306,-318,-374
-306,-318,-374
-310,-320,-375
-307,-317,-373
-309,-319,-373
-309,-319,-373
-309,-323,-376
-311,-320,-377
-310,-326,-371
-309,-318,-371
-309,-318,-371
-304,-323,-375
-301,-306,-382
-294,-300,-386
-294,-300,-386
-310,-302,-380
-297,-315,-380
-265,-325,-385
-227,-352,-391
-227,-352,-391
-188,-376,-390
-143,-384,-400
-124,-387,-395
-124,-387,-395
-116,-392,-391
-111,-391,-394
-102,-397,-394
-102,-397,-394
-87,-398,-395
-85,-396,-396
-85,-395,-390
-78,-393,-391
-78,-393,-391
-83,-392,-395
-78,-389,-401
-78,-383,-405
-78,-383,-405
-81,-389,-399
-82,-393,-396
-82,-393,-393
-80,-411,-390
-80,-411,-390
-78,-422,-387
-80,-431,-385
-87,-437,-379
-87,-437,-379
-88,-439,-375
-89,-437,-375
-87,-439,-379
-88,-443,-379
-88,-443,-379
-87,-440,-377
-91,-444,-372
-91,-436,-375
-91,-436,-375
-88,-438,-378
-87,-433,-382
-87,-420,-388
-89,-409,-391
-89,-409,-391
-87,-399,-392
-83,-387,-397
-84,-370,-406
-84,-370,-406
-80,-365,-410
-81,-350,-412
-86,-339,-413
-86,-339,-413
-82,-325,-412
-79,-322,-418
-81,-311,-423
-79,-303,-423
-79,-303,-423
-79,-305,-419
-80,-302,-419
-78,-300,-420
-78,-300,-420
-79,-298,-424
-77,-296,-425
-78,-297,-423
-78,-297,-421
-78,-297,-421
-80,-296,-418
-80,-296,-422
-80,-304,-422
-80,-304,-422
-77,-305,-424
-80,-306,-418
-81,-308,-417
-83,-308,-417
-83,-308,-417
-79,-308,-421
-80,-310,-426
-78,-311,-419
-78,-311,-419
-82,-310,-419
-82,-316,-418
-79,-313,-418
-79,-321,-422
-79,-321,-422
-79,-318,-421
-81,-327,-418
-84,-335,-408
-84,-335,-408
-80,-356,-407
-83,-377,-401
-81,-398,-396
-81,-398,-396
-81,-406,-391
-71,-385,-395
-49,-391,-388
-29,-376,-397
-29,-376,-397
-9,-366,-401
27,-349,-407
36,-337,-405
36,-337,-405
47,-323,-403
64,-303,-404
81,-284,-406
96,-261,-409
96,-261,-409
100,-242,-406
105,-242,-399
113,-232,-395
113,-232,-395
115,-218,-398
107,-214,-403
111,-210,-405
105,-214,-401
105,-214,-401
100,-217,-400
103,-218,-399
105,-217,-402
105,-217,-402
106,-219,-406
104,-216,-406
99,-216,-403
100,-211,-399
100,-211,-399
104,-208,-405
106,-208,-407
104,-209,-406
104,-209,-406
103,-210,-404
103,-209,-400
103,-208,-402
103,-208,-402
105,-202,-406
105,-215,-407
104,-218,-403
105,-228,-398
105,-228,-398
106,-225,-397
103,-218,-402
108,-202,-407
108,-202,-407
105,-208,-407
105,-211,-407
103,-205,-401
103,-209,-401
103,-209,-401
103,-208,-406
103,-204,-406
104,-208,-408
104,-208,-408
103,-210,-402
98,-206,-401
102,-206,-405
102,-203,-405
102,-203,-405
105,-206,-412
102,-204,-407
100,-201,-403
100,-201,-403
94,-210,-402
92,-226,-401
79,-236,-404
43,-232,-411
43,-232,-411
-9,-223,-413
-42,-211,-412
-47,-211,-415
-47,-211,-415
-77,-211,-419
-116,-213,-415
-148,-215,-409
-148,-215,-409
-179,-207,-402
-209,-202,-394
-241,-192,-390
-278,-173,-388
-278,-173,-388
-308,-149,-378
-331,-143,-364
-357,-124,-353
-357,-124,-353
-363,-98,-355
-344,-62,-363
-326,-30,-368
-306,-14,-368
-306,-14,-368
-287,-8,-371
-253,-6,-375
-221,-16,-391
-221,-16,-391
-176,-56,-400
-120,-111,-404
-84,-146,-398
-68,-154,-396
-68,-154,-396
-35,-181,-391
16,-203,-384
44,-212,-378
44,-212,-378
29,-222,-376
15,-246,-371
25,-281,-358
49,-307,-347
49,-307,-347
76,-323,-335
83,-324,-330
102,-318,-323
102,-318,-323
114,-300,-314
136,-287,-315
147,-270,-315
147,-270,-315
161,-264,-308
177,-229,-303
172,-198,-305
158,-162,-312
158,-162,-312
132,-124,-329
99,-102,-346
65,-86,-362
65,-86,-362
25,-77,-366
-6,-47,-370
-26,-13,-375
-41,3,-377
-41,3,-377
-41,13,-377
-45,24,-375
-39,42,-366
-39,42,-366
-6,48,-358
19,51,-352
50,53,-346
77,13,-344
77,13,-344
95,-36,-346
91,-89,-348
79,-141,-357
79,-141,-357
45,-197,-363
-7,-241,-373
-69,-263,-369
-107,-262,-371
-107,-262,-371
-116,-265,-372
-143,-269,-376
-198,-269,-373
-198,-269,-373
-234,-263,-367
-257,-228,-366
-258,-183,-371
-258,-183,-371
-182,-139,-390
-66,-113,-389
27,-106,-374
44,-93,-365
44,-93,-365
36,-92,-365
21,-82,-368
26,-95,-373
26,-95,-373
42,-102,-369
53,-120,-364
57,-127,-361
85,-114,-349
85,-114,-349
104,-93,-339
120,-63,-334
140,-33,-318
140,-33,-318
154,-13,-302
161,1,-292
159,27,-282
156,68,-275
156,68,-275
144,109,-271
102,145,-268
47,169,-282
47,169,-282
-8,171,-300
-61,175,-310
-108,177,-318
-161,181,-319
-161,181,-319
-215,184,-311
-258,188,-295
-300,187,-283
-300,187,-283
-349,184,-269
-389,179,-253
-414,167,-246
-414,167,-246
-436,153,-230
-460,141,-221
-477,127,-218
-485,113,-221
-485,113,-221
-500,74,-228
-520,29,-221
-527,-11,-225
-527,-11,-225
-502,-47,-251
-437,-89,-308
-354,-118,-356
-276,-119,-380
-276,-119,-380
-223,-152,-388
-199,-177,-388
-166,-217,-386
-166,-217,-386
-105,-281,-380
-50,-321,-359
-47,-353,-343
-59,-376,-333
-59,-376,-333
-67,-391,-322
-53,-392,-318
-22,-376,-324
-22,-376,-324
12,-342,-335
42,-303,-335
59,-259,-340
60,-197,-352
60,-197,-352
36,-146,-369
-3,-125,-381
-43,-119,-387
-43,-119,-387
-62,-119,-387
-51,-136,-385
-39,-147,-391
-39,-147,-391
-37,-164,-391
-47,-190,-392
-57,-226,-386
-68,-257,-379
-68,-257,-379
-88,-279,-372
-115,-284,-376
-130,-281,-381
-130,-281,-381
-149,-274,-376
-162,-273,-374
-170,-260,-371
-188,-243,-377
-188,-243,-377
-205,-225,-378
-215,-210,-379
-230,-204,-375
-230,-204,-375
-242,-198,-367
-256,-187,-365
-276,-204,-361
-291,-246,-349
-291,-246,-349
-291,-286,-335
-279,-324,-323
-241,-365,-317
-241,-365,-317
-176,-384,-318
-101,-389,-324
-45,-389,-318
-45,-359,-318
-13,-359,-325
15,-321,-333
23,-289,-344
36,-270,-351
36,-270,-351
55,-236,-353
62,-189,-354
55,-145,-359
55,-145,-359
40,-105,-360
6,-54,-368
-31,-16,-372
-58,1,-374
-58,1,-374
-91,16,-366
-125,18,-367
-148,10,-370
-148,10,-370
-165,4,-378
-179,-11,-385
-199,-15,-386
-232,-32,-383
-232,-32,-383
-260,-52,-380
-289,-77,-380
-307,-106,-385
-307,-106,-385
-322,-139,-381
-345,-178,-370
-350,-234,-362
-347,-296,-348
-347,-296,-348
-340,-345,-336
-313,-402,-322
-301,-436,-299
-301,-436,-299
-292,-458,-278
-280,-459,-275
-261,-469,-269
-261,-469,-269
-251,-467,-271
-249,-460,-278
-259,-445,-282
-303,-415,-288
-303,-415,-288
-372,-351,-297
-433,-276,-302
-466,-170,-316
-466,-170,-316
-458,-53,-329
-442,63,-324
-414,148,-307
-378,210,-290
-378,210,-290
-308,273,-271
-233,289,-268
-147,290,-259
-147,290,-259
-63,268,-256
12,227,-260
72,173,-270
113,105,-282
113,105,-282
131,37,-294
132,-38,-304
112,-99,-318
112,-99,-318
81,-150,-337
59,-185,-344
25,-229,-352
-17,-269,-351
-17,-269,-351
-53,-308,-342
-51,-323,-340
-27,-339,-332
-27,-339,-332
5,-333,-331
38,-302,-331
34,-251,-344
34,-251,-344
7,-193,-358
-53,-136,-381
-113,-109,-387
-139,-97,-388
-139,-97,-388
-159,-99,-386
-200,-117,-381
-239,-149,-378
-239,-149,-378
-252,-204,-381
-242,-255,-383
-222,-291,-385
-205,-327,-381
-205,-327,-381
-178,-350,-370
-176,-370,-366
-227,-384,-351
-227,-384,-351
-311,-383,-322
-379,-354,-301
-437,-290,-293
-470,-198,-301
-470,-198,-301
-480,-116,-313
-468,13,-322
-439,130,-300
-439,130,-300
-370,209,-298
-293,272,-279
-240,325,-244
-186,352,-221
-186,352,-221
-131,363,-201
-62,336,-198
-4,298,-215
-4,298,-215
34,246,-237
79,186,-259
105,118,-283
105,118,-283
117,41,-303
120,-33,-315
101,-94,-327
76,-160,-338
76,-160,-338
47,-214,-346
-7,-266,-354
-68,-301,-349
-68,-301,-349
-103,-343,-335
-107,-377,-321
-79,-389,-318
-28,-386,-311
-28,-386,-311
33,-371,-301
80,-334,-295
94,-281,-304
94,-281,-304
90,-224,-325
48,-169,-350
3,-123,-370
-36,-89,-376
-36,-89,-376
-60,-57,-375
-88,-41,-378
-119,-13,-378
-119,-13,-378
-129,33,-371
-102,66,-357
-49,62,-352
-11,12,-355
-11,12,-355
22,-43,-364
32,-94,-364
-6,-131,-379
-6,-131,-379
-56,-166,-383
-98,-196,-379
-123,-239,-374
-123,-239,-374
-144,-289,-358
-167,-340,-340
-177,-412,-307
-154,-464,-266
-154,-464,-266
-88,-466,-265
-7,-430,-278
27,-366,-307
27,-366,-307
25,-298,-341
10,-227,-361
-12,-167,-376
-41,-115,-377
-41,-115,-377
-79,-88,-383
-117,-100,-387
-151,-144,-383
-151,-144,-383
-171,-163,-385
-200,-180,-382
-228,-225,-380
-234,-267,-381
-234,-267,-381
-219,-310,-380
-204,-334,-374
-197,-346,-370
-197,-346,-370
-200,-357,-362
-209,-359,-359
-234,-359,-350
-281,-351,-338
-281,-351,-338
-346,-318,-322
-424,-243,-305
-456,-135,-302
-456,-135,-302
-446,-14,-310
-404,102,-315
-325,193,-306
-325,193,-306
-240,240,-298
-168,266,-285
-111,268,-286
-58,250,-290
-58,250,-290
-51,222,-305
-80,176,-336
-129,101,-367
-129,101,-367
-211,16,-388
-299,-72,-384
-349,-187,-367
-334,-272,-355
-334,-272,-355
-304,-331,-349
-281,-358,-344
-243,-375,-353
-243,-375,-353
-197,-384,-368
-166,-375,-367
-169,-345,-366
-219,-330,-362
-219,-330,-362
-269,-333,-343
-329,-326,-329
-406,-283,-309
-406,-283,-309
-457,-159,-310
-459,-28,-309
-428,68,-308
-369,149,-317
-369,149,-317
-306,189,-322
-241,237,-306
-160,261,-280
-160,261,-280
-72,246,-271
26,198,-273
105,133,-270
105,133,-270
156,48,-276
161,-46,-293
140,-142,-308
101,-219,-319
101,-219,-319
41,-284,-332
-25,-324,-337
-89,-360,-335
-89,-360,-335
-159,-347,-338
-200,-323,-345
-213,-298,-359
-226,-273,-372
-226,-273,-372
-261,-233,-375
-279,-179,-384
-279,-137,-387
-279,-137,-387
-284,-92,-391
-299,-64,-398
-332,-53,-392
-369,-67,-388
-369,-67,-388
-426,-108,-360
-473,-186,-322
-474,-307,-282
-474,-307,-282
-419,-421,-262
-351,-485,-255
-273,-523,-245
-200,-527,-244
-200,-527,-244
-118,-520,-243
-33,-498,-248
44,-461,-249
44,-461,-249
91,-407,-259
110,-342,-279
113,-277,-299
113,-277,-299
98,-209,-321
74,-159,-340
42,-126,-356
37,-125,-362
37,-125,-362
60,-138,-352
84,-187,-346
84,-226,-348
84,-226,-348
92,-242,-354
113,-251,-354
131,-246,-354
133,-236,-353
133,-236,-353
115,-233,-364
111,-233,-372
114,-225,-374
114,-225,-374
108,-221,-379
105,-220,-372
103,-220,-373
103,-221,-372
103,-221,-372
106,-221,-376
105,-221,-379
105,-220,-377
105,-220,-377
103,-221,-373
104,-219,-373
105,-221,-372
105,-221,-372
105,-214,-378
106,-221,-378
106,-221,-375
101,-218,-371
101,-218,-371
102,-223,-371
106,-218,-374
105,-222,-375
105,-222,-375
101,-219,-376
105,-223,-372
102,-221,-373
104,-219,-372
104,-219,-372
106,-220,-375
107,-218,-376
105,-220,-373
105,-220,-373
103,-222,-372
101,-222,-370
102,-221,-375
104,-219,-377
104,-219,-377
106,-220,-377
103,-218,-374
102,-220,-373
102,-220,-373
102,-218,-371
103,-220,-375
106,-218,-376
106,-223,-373
106,-223,-373
100,-218,-373
104,-220,-370
106,-220,-374
106,-220,-374
104,-218,-373
106,-218,-377
103,-220,-372
103,-220,-372
101,-216,-374
103,-220,-371
105,-221,-375
109,-219,-374
109,-219,-374
104,-218,-373
105,-219,-372
103,-222,-371
103,-222,-371
105,-220,-370
104,-220,-376
106,-219,-377
102,-220,-375
102,-220,-375
103,-217,-372
104,-221,-370
102,-219,-374
102,-219,-374
103,-218,-375
103,-220,-376
104,-220,-374
102,-221,-371
102,-221,-371
104,-218,-372
104,-218,-374
107,-218,-375
107,-218,-375
107,-220,-374
102,-220,-371
101,-222,-370
104,-219,-375
104,-219,-375
101,-220,-374
102,-217,-377
104,-220,-375
104,-220,-375
104,-217,-369
101,-219,-371
102,-220,-374
102,-220,-374
106,-218,-374
104,-220,-376
104,-219,-375
103,-219,-370
103,-219,-370
102,-222,-371
105,-218,-375
104,-219,-378
104,-219,-378
105,-218,-373
101,-219,-373
102,-219,-369
102,-218,-375
102,-218,-375
105,-216,-377
104,-221,-378
101,-219,-374
101,-219,-374
99,-218,-372
102,-219,-373
102,-220,-375
105,-219,-377
105,-219,-377
106,-218,-373
103,-221,-373
102,-224,-374
102,-224,-374
102,-218,-374
103,-218,-376
105,-220,-378
103,-214,-372
103,-214,-372
104,-219,-371
103,-220,-371
104,-217,-375
104,-217,-375
106,-220,-377
105,-216,-376
104,-220,-373
104,-220,-373
102,-218,-373
101,-215,-372
101,-219,-374
106,-219,-377
106,-219,-377
104,-221,-374
104,-221,-371
103,-220,-368
103,-220,-368
103,-222,-373
107,-219,-373
108,-220,-377
104,-220,-374
104,-220,-374
103,-217,-372
100,-223,-371
105,-217,-378
105,-217,-378
104,-221,-376
103,-219,-374
101,-220,-373
102,-220,-371
102,-220,-371
103,-218,-374
104,-221,-373
104,-219,-378
104,-219,-378
102,-220,-377
105,-218,-371
103,-220,-370
103,-220,-370
103,-211,-375
104,-217,-375
106,-221,-375
103,-219,-373
103,-219,-373
103,-219,-370
103,-219,-372
104,-218,-375
104,-218,-375
104,-219,-376
106,-216,-375
103,-220,-376
101,-219,-371
101,-219,-371
103,-217,-372
102,-218,-376
105,-219,-378
105,-219,-378
104,-218,-376
103,-220,-370
103,-220,-372
103,-220,-375
103,-220,-375
105,-221,-374
104,-219,-375
101,-219,-374
101,-219,-374
105,-220,-372
102,-220,-373
103,-218,-376
104,-218,-377
104,-218,-377
103,-219,-373
101,-216,-374
104,-220,-372
104,-220,-372
103,-219,-375
105,-217,-375
105,-218,-375
105,-218,-375
104,-215,-371
104,-219,-371
102,-219,-371
104,-220,-376
104,-220,-376
105,-215,-378
105,-218,-375
99,-220,-373
99,-220,-373
101,-222,-372
103,-218,-372
106,-219,-375
105,-219,-379
105,-219,-379
105,-219,-372
102,-219,-370
103,-220,-373
103,-220,-373
104,-221,-375
105,-220,-377
103,-220,-373
103,-220,-372
103,-220,-372
102,-221,-372
101,-219,-373
104,-220,-378
104,-220,-378
106,-220,-377
106,-218,-375
101,-219,-372
103,-221,-372
103,-221,-372
107,-217,-374
106,-218,-376
102,-219,-376
102,-219,-376
103,-220,-373
101,-216,-368
103,-220,-372
103,-220,-372
102,-221,-374
102,-218,-377
104,-217,-372
101,-222,-373
101,-222,-373
104,-217,-372
104,-219,-376
103,-219,-375
103,-219,-375
104,-215,-375
103,-218,-374
102,-220,-373
101,-220,-371
101,-220,-371
106,-219,-373
101,-217,-378
105,-219,-378
105,-219,-378
102,-219,-371
103,-222,-370
104,-222,-373
105,-217,-376
105,-217,-376
103,-220,-378
102,-220,-373
103,-221,-372
103,-221,-372
103,-220,-371
104,-220,-374
104,-220,-376
105,-220,-375
105,-220,-375
104,-218,-375
102,-217,-372
102,-217,-370
102,-217,-370
107,-218,-373
104,-216,-377
103,-218,-375
103,-218,-375
102,-218,-372
102,-220,-371
105,-218,-375
103,-218,-374
103,-218,-374
104,-218,-376
102,-222,-371
102,-220,-371
102,-220,-371
102,-216,-372
104,-218,-373
107,-218,-375
102,-218,-375
102,-218,-375
102,-220,-374
103,-220,-371
103,-220,-374
103,-220,-374
105,-219,-375
104,-217,-377
102,-220,-374
102,-222,-373
102,-222,-373
105,-219,-371
102,-220,-376
107,-219,-376
107,-219,-376
102,-220,-375
104,-219,-370
101,-219,-371
103,-218,-375
103,-218,-375
103,-219,-377
105,-220,-377
104,-218,-374
104,-218,-374
106,-220,-371
103,-220,-370
102,-218,-372
102,-218,-372
105,-217,-378
103,-218,-378
104,-218,-373
101,-218,-372
101,-218,-372
102,-219,-373
104,-218,-374
104,-218,-379
104,-218,-379
103,-219,-372
101,-220,-374
103,-218,-370
104,-221,-375
104,-221,-375
104,-220,-375
106,-216,-377
99,-217,-371
99,-217,-371
101,-220,-370
104,-219,-371
102,-218,-373
104,-219,-378
104,-219,-378
103,-220,-376
103,-220,-373
102,-220,-372
102,-220,-372
104,-219,-372
103,-218,-375
105,-219,-376
105,-220,-374
102,-220,-374
100,-221,-371
102,-217,-370
105,-220,-375
105,-220,-375
107,-218,-376
105,-216,-377
103,-219,-372
103,-219,-372
101,-221,-371
103,-217,-374
105,-218,-373
106,-216,-379
106,-216,-379
103,-219,-372
102,-218,-372
104,-220,-371
104,-220,-371
103,-219,-376
102,-217,-376
105,-217,-379
101,-218,-371
101,-218,-371
102,-222,-371
102,-219,-372
103,-217,-374
103,-217,-374
102,-219,-376
106,-217,-378
103,-218,-375
103,-219,-370
103,-219,-370
103,-216,-372
104,-219,-377
107,-216,-378
107,-216,-378
101,-222,-373
103,-219,-370
103,-220,-373
103,-220,-373
103,-220,-373
104,-218,-375
104,-218,-377
102,-219,-375
102,-219,-375
102,-220,-372
102,-220,-373
105,-221,-375
105,-221,-375
102,-218,-377
106,-221,-374
102,-219,-373
102,-220,-374
102,-220,-374
103,-217,-375
104,-218,-374
106,-220,-377
106,-220,-377
100,-221,-374
101,-219,-371
102,-222,-372
103,-220,-377
103,-220,-377
104,-217,-377
103,-216,-372
101,-221,-371
101,-221,-371
99,-220,-372
104,-219,-375
104,-220,-375
104,-216,-372
104,-218,-375
103,-220,-378
103,-219,-376
103,-219,-376
102,-220,-372
104,-219,-373
103,-215,-373
103,-215,-373
105,-219,-375
110,-215,-377
104,-218,-376
103,-218,-372
103,-218,-372
104,-218,-373
103,-216,-375
107,-216,-377
107,-216,-377
105,-219,-375
102,-223,-373
105,-220,-370
103,-219,-372
103,-219,-372
106,-217,-377
104,-217,-378
105,-218,-373
105,-218,-373
103,-219,-374
104,-218,-375
104,-218,-374
104,-218,-374
103,-216,-374
105,-219,-378
101,-220,-372
105,-217,-371
105,-217,-371
107,-219,-372
104,-215,-378
104,-216,-379
104,-216,-379
107,-211,-373
105,-215,-372
106,-190,-368
103,-143,-376
103,-143,-376
98,-109,-376
77,-52,-378
47,26,-368
47,26,-368
27,71,-358
-17,82,-356
-80,109,-357
-133,123,-351
-133,123,-351
-165,129,-346
-172,135,-339
-156,147,-331
-156,147,-331
-147,157,-330
-131,141,-344
-122,143,-347
-111,150,-344
-111,150,-344
-125,157,-335
-129,153,-341
-113,105,-362
-113,105,-362
-82,74,-373
-60,58,-371
-40,6,-375
-40,6,-375
-40,-82,-379
-73,-184,-381
-122,-262,-367
-170,-344,-339
-170,-344,-339
-217,-426,-290
-231,-484,-242
-184,-508,-233
-184,-508,-233
-114,-481,-261
-25,-428,-291
82,-382,-286
171,-341,-250
171,-341,-250
228,-298,-222
272,-254,-187
295,-208,-166
295,-208,-166
296,-137,-161
281,-63,-151
269,-46,-136
249,-31,-144
249,-31,-144
225,4,-165
222,8,-173
225,11,-168
225,11,-168
229,8,-167
223,24,-176
217,57,-176
217,57,-176
221,79,-184
238,75,-178
251,74,-173
262,59,-158
262,59,-158
278,59,-130
301,43,-103
326,22,-56
326,22,-56
352,-9,6
353,-15,55
357,7,59
356,45,40
356,45,40
357,78,36
346,131,16
306,204,-50
306,204,-50
232,268,-124
154,313,-176
63,356,-204
-44,374,-237
-44,374,-237
-147,367,-260
-245,348,-259
-311,303,-279
-311,303,-279
-362,262,-292
-414,228,-295
-467,179,-290
-503,131,-277
-503,131,-277
-528,86,-264
-553,29,-254
-588,-23,-221
-588,-23,-221
-612,-66,-184
-633,-80,-147
-645,-88,-118
-645,-88,-118
-655,-75,-89
-660,-63,-72
-657,-29,-73
-640,0,-115
-640,0,-115
-619,29,-143
-612,46,-131
-624,55,-95
-624,55,-95
-630,59,-75
-641,67,-55
-653,69,-10
-653,72,25
-653,72,25
-649,83,49
-646,89,97
-638,106,149
-638,106,149
-623,105,217
-599,93,285
-560,78,347
-516,77,394
-516,77,394
-485,87,416
-451,112,435
-419,164,423
-419,164,423
-361,232,404
-299,289,370
-218,349,319
-136,383,258
-136,383,258
-49,392,200
40,373,148
124,332,105
124,332,105
178,294,68
226,248,44
261,211,20
261,211,20
280,185,8
300,143,-11
310,98,-47
312,49,-84
312,49,-84
303,7,-127
281,-21,-178
248,-37,-222
248,-37,-222
203,-49,-269
150,-48,-303
106,-33,-326
62,-1,-347
62,-1,-347
15,3,-365
-3,9,-376
-42,25,-389
-42,25,-389
-105,58,-393
-155,54,-412
-198,27,-431
-246,-3,-438
-246,-3,-438
-264,-36,-443
-241,-54,-450
-211,-56,-456
-211,-56,-456
-226,-77,-453
-285,-64,-435
-354,-19,-412
-431,53,-358
-431,53,-358
-467,153,-299
-461,253,-228
-405,315,-192
-405,315,-192
-336,351,-167
-252,377,-146
-203,384,-108
-203,384,-108
-131,373,-119
-47,354,-118
16,341,-97
64,313,-107
64,313,-107
98,269,-137
120,227,-167
127,185,-198
127,185,-198
124,148,-235
132,118,-251
136,98,-264
137,105,-263
137,105,-263
144,113,-261
161,101,-269
158,73,-295
158,73,-295
150,60,-308
143,21,-326
110,-33,-356
11,-82,-399
11,-82,-399
-105,-125,-431
-219,-120,-435
-364,-119,-394
-364,-119,-394
-495,-168,-311
-564,-244,-224
-548,-353,-173
-484,-459,-147
-484,-459,-147
-383,-542,-125
-281,-573,-138
-170,-584,-147
-170,-584,-147
-50,-571,-153
67,-519,-166
147,-467,-162
147,-467,-162
231,-401,-132
280,-342,-79
314,-288,-20
330,-237,12
330,-237,12
340,-173,-7
334,-154,-40
316,-218,-85
316,-218,-85
283,-293,-117
274,-264,-150
306,-158,-139
319,-46,-78
319,-46,-78
290,63,-31
226,160,-21
126,257,-28
126,257,-28
-12,348,-27
-158,394,-11
-276,395,10
-390,361,46
-390,361,46
-483,305,69
-539,246,85
-585,190,94
-585,190,94
-632,111,87
-668,11,75
-680,-68,67
-671,-157,106
-671,-157,106
-658,-207,150
-669,-153,140
-674,-42,121
-674,-42,121
-649,77,115
-590,199,105
-510,292,78
-510,292,78
-424,359,63
-340,399,60
-254,423,57
-166,425,51
-166,425,51
-73,412,39
9,379,25
81,342,10
81,342,10
135,296,-4
172,255,-44
211,183,-74
246,106,-95
246,106,-95
267,32,-115
280,-39,-126
286,-130,-128
286,-130,-128
280,-206,-132
259,-265,-135
233,-313,-145
214,-350,-158
214,-350,-158
192,-397,-145
168,-431,-133
142,-468,-102
142,-468,-102
124,-485,-87
113,-498,-86
113,-512,-70
122,-509,-65
122,-509,-65
119,-513,-51
111,-525,-21
90,-542,20
90,-542,20
71,-563,60
48,-578,85
41,-579,118
41,-579,118
50,-570,143
71,-545,161
72,-531,190
68,-521,215
68,-521,215
47,-525,226
17,-535,233
-41,-562,233
-41,-562,233
-96,-589,223
-155,-600,217
-210,-609,209
-259,-616,181
-259,-616,181
-275,-622,131
-287,-615,104
-304,-612,86
-304,-612,86
-353,-595,92
-415,-562,88
-478,-524,69
-526,-466,45
-526,-466,45
-566,-413,20
-594,-358,-12
-610,-309,-38
-610,-309,-38
-621,-260,-64
-621,-215,-90
-624,-148,-98
-624,-148,-98
-624,-84,-104
-616,-15,-109
-606,53,-109
-589,99,-110
-589,99,-110
-566,147,-111
-527,198,-114
-480,248,-118
-480,248,-118
-429,299,-113
-361,350,-98
-291,385,-83
-217,410,-48
-217,410,-48
-132,418,-12
-54,410,6
28,391,37
28,391,37
97,357,54
161,307,63
207,264,61
231,236,48
231,236,48
257,206,41
281,174,31
291,143,19
291,143,19
303,125,12
307,105,6
318,79,24
329,68,15
329,68,15
335,54,12
345,21,-5
344,-7,-45
344,-7,-45
347,-36,-77
350,-78,-110
343,-124,-156
343,-124,-156
323,-160,-207
292,-213,-253
258,-257,-290
236,-294,-303
236,-294,-303
217,-336,-302
218,-359,-283
219,-380,-262
219,-380,-262
220,-388,-240
219,-405,-211
217,-424,-181
222,-444,-158
222,-444,-158
230,-450,-136
240,-435,-123
262,-412,-101
262,-412,-101
276,-391,-82
296,-365,-66
317,-328,-39
327,-314,-7
327,-314,-7
321,-304,12
321,-300,24
323,-283,37
323,-283,37
327,-268,40
331,-258,45
331,-249,41
330,-220,14
330,-220,14
324,-189,-44
306,-151,-111
283,-103,-168
283,-103,-168
254,-45,-207
219,20,-223
188,72,-228
188,72,-228
145,130,-234
110,177,-233
64,218,-227
-13,254,-230
-13,254,-230
-112,265,-246
-196,259,-250
-237,248,-255
-237,248,-255
-273,240,-255
-342,233,-238
-399,229,-206
-444,232,-166
-444,232,-166
-477,231,-134
-506,223,-107
-533,211,-83
-533,211,-83
-547,203,-63
-561,192,-50
-576,185,-18
-583,188,15
-583,188,15
-588,192,32
-585,199,37
-554,227,17
-554,227,17
-502,277,-5
-429,326,-34
-343,362,-62
-248,392,-70
-248,392,-70
-152,396,-71
-66,366,-104
21,304,-163
21,304,-163
48,222,-231
40,141,-292
26,68,-334
26,68,-334
-2,14,-355
-43,-25,-372
-59,-50,-379
-70,-75,-392
-70,-75,-392
-36,-87,-395
10,-112,-395
22,-109,-398
22,-109,-398
-6,-91,-413
-56,-81,-429
-98,-82,-438
-155,-95,-438
-155,-95,-438
-260,-101,-418
-366,-47,-377
-413,57,-332
-413,57,-332
-377,185,-292
-286,284,-257
-178,330,-227
-79,332,-205
-79,332,-205
16,297,-195
88,250,-198
133,194,-214
133,194,-214
174,111,-234
194,8,-259
175,-91,-282
136,-174,-308
136,-174,-308
88,-248,-318
37,-298,-327
-47,-335,-338
-47,-335,-338
-122,-364,-333
-136,-396,-318
-114,-414,-305
-114,-414,-305
-72,-414,-301
10,-387,-300
109,-320,-290
208,-229,-251
208,-229,-251
257,-159,-202
283,-100,-162
286,-39,-134
286,-39,-134
264,11,-153
173,32,-253
56,64,-314
-49,82,-342
-49,82,-342
-152,77,-360
-249,102,-342
-341,146,-295
-341,146,-295
-361,202,-249
-313,253,-228
-259,281,-219
-178,271,-248
-178,271,-248
-113,194,-309
-71,78,-357
-73,-35,-383
-73,-35,-383
-126,-127,-396
-206,-220,-381
-224,-358,-333
-224,-358,-333
-148,-475,-271
-17,-501,-222
109,-463,-194
165,-383,-207
165,-383,-207
182,-262,-259
168,-152,-292
124,-66,-314
124,-66,-314
52,0,-336
-30,53,-349
-81,86,-351
-114,116,-347
-114,116,-347
-90,111,-349
-69,67,-364
-54,-2,-373
-54,-2,-373
-53,-40,-380
-61,-78,-385
-98,-134,-393
-189,-222,-383
-189,-222,-383
-250,-332,-339
-222,-406,-302
-122,-416,-305
-122,-416,-305
0,-347,-321
67,-255,-333
59,-152,-350
5,-46,-361
5,-46,-361
-49,42,-355
-104,108,-340
-168,160,-322
-168,160,-322
-242,183,-304
-324,192,-271
-407,193,-225
-407,193,-225
-467,187,-182
-499,197,-146
-523,218,-84
-540,237,-12
-540,237,-12
-543,247,64
-531,259,118
-515,270,172
-515,270,172
-493,273,213
-467,275,255
-442,273,288
-422,264,313
-422,264,313
-399,261,338
-400,259,336
-406,263,334
-406,263,334
-430,259,321
-458,254,308
-508,223,280
-559,178,258
-559,178,258
-604,121,228
-648,47,164
-672,-51,83
-672,-51,83
-656,-169,11
-610,-270,-46
-561,-355,-75
-561,-355,-75
-502,-432,-84
-437,-501,-80
-366,-552,-76
-265,-591,-85
-265,-591,-85
-172,-582,-127
-89,-518,-213
-14,-422,-289
-14,-422,-289
13,-325,-334
23,-241,-356
43,-177,-361
83,-136,-346
83,-136,-346
113,-128,-332
132,-135,-325
134,-134,-320
134,-134,-320
133,-145,-322
114,-171,-328
97,-184,-334
102,-177,-334
102,-177,-334
100,-159,-339
106,-193,-333
103,-185,-334
103,-185,-334
102,-186,-330
102,-187,-332
106,-186,-335
107,-186,-332
107,-186,-332
104,-186,-334
104,-186,-332
102,-186,-334
102,-186,-334
105,-183,-330
101,-184,-338
105,-183,-334
105,-183,-334
104,-185,-331
103,-189,-332
102,-186,-333
106,-185,-337
106,-185,-337
103,-184,-334
104,-182,-335
102,-184,-331
102,-184,-331
100,-184,-331
105,-184,-334
106,-184,-332
101,-183,-336
101,-183,-336
105,-184,-332
102,-183,-333
100,-185,-331
100,-185,-331
102,-183,-334
104,-183,-333
104,-186,-335
101,-184,-331
101,-184,-331
103,-184,-334
104,-185,-330
102,-184,-334
102,-184,-334
104,-186,-336
103,-184,-333
101,-182,-331
103,-185,-333
103,-185,-333
104,-183,-332
103,-184,-332
